<?xml version="1.0" encoding="UTF-8"?>

<process name="leave" xmlns="http://jbpm.org/4.4/jpdl">
   <start name="start1" g="130,7,48,48">
      <transition name="申请" to="申请" g="-45,-22"/>
   </start>
   <task name="申请" g="104,99,142,32" assignee="#{owner}" form="request.jsp" >
      <transition name="经理审批" to="经理审批" g="-77,-27"/>
   </task>
   <task name="经理审批" g="123,160,124,34" form="manager.jsp" assignee="manager"  >
      <transition name="to exclusive1" to="exclusive1" g="-79,-22"/>
   </task>
   <task name="老板审批" g="340,237,92,33" assignee="boss">
      <transition name="end1" to="end1" g="-50,-22"/>
   </task>
   <decision name="exclusive1" g="174,211,48,48" expr="#{day>3 ? 'to 老板审批':'to end1'}">
      <transition name="to 老板审批" to="老板审批" g="-69,-22"/>
      <transition name="to end1" to="end1" g="-50,-22"/>
   </decision>
   <end name="end1" g="180,288,53,39"/>
</process>